{
    "id": "drawing-presets",
    "title": "Drawing Presets",
    "description": "Save presets in the drawing configuration",
    "author": "Xaukael",
    "authors": [{"name":"Xaukael"}],
    "version": "1.1.1",
    "compatibility": {
        "minimum": "10",
        "verified": "11"
      },
    "scripts": ["drawing-presets.js"],
    "url": "https://github.com/xaukael/drawing-presets/",
    "manifest": "https://github.com/xaukael/drawing-presets/raw/main/module.json",
    "download": "https://github.com/xaukael/drawing-presets/raw/main/drawing-presets.zip"
}